[
  {
    "id": 1,
    "category": "yoga",
    "title": { "EN": "Hatha Yoga", "SR": "Hatha Yoga" },
    "appointments": [
      { "id": 1, "date": "July 3, 2020 17:30:00", "spotsLeft": 0 },
      { "id": 2, "date": "July 3, 2020 18:30:00", "spotsLeft": 5 },
      { "id": 3, "date": "July 3, 2020 19:30:00", "spotsLeft": 10 }
    ],
    "diff": 3,
    "rating": 4.5,
    "duration": 130,
    "comments": [
      { "id": 1, "user": "Pera", "body": "Super trening!" },
      { "id": 2, "user": "Zika", "body": "Super trening od Zike!" },
      { "id": 3, "user": "Laza", "body": "Super trening od Laze!" }
    ],
    "videoId": "icfwMWYDeac"
  },
  {
    "id": 2,
    "category": "yoga",
    "title": { "EN": "Vinyasa Yoga", "SR": "Vinyasa Yoga" },
    "appointments": [
      { "id": 1, "date": "July 3, 2020 17:30:00", "spotsLeft": 10 },
      { "id": 2, "date": "July 3, 2020 18:30:00", "spotsLeft": 10 },
      { "id": 3, "date": "July 3, 2020 19:30:00", "spotsLeft": 10 }
    ],
    "diff": 2,
    "rating": 3.7,
    "duration": 110,
    "comments": [
      { "id": 1, "user": "Pera", "body": "Super trening!" },
      { "id": 2, "user": "Zika", "body": "Super trening od Zike!" },
      { "id": 3, "user": "Laza", "body": "Super trening od Laze!" }
    ],
    "videoId": "sTANio_2E0Q"
  },
  {
    "id": 3,
    "category": "yoga",
    "title": { "EN": "Yin Yoga", "SR": "Yin Yoga" },
    "appointments": [
      { "id": 1, "date": "July 3, 2020 17:30:00", "spotsLeft": 10 },
      { "id": 2, "date": "July 3, 2020 18:30:00", "spotsLeft": 10 },
      { "id": 3, "date": "July 3, 2020 19:30:00", "spotsLeft": 10 }
    ],
    "diff": 5,
    "rating": 2.8,
    "duration": 145,
    "comments": [
      { "id": 1, "user": "Pera", "body": "Super trening!" },
      { "id": 2, "user": "Zika", "body": "Super trening od Zike!" },
      { "id": 3, "user": "Laza", "body": "Super trening od Laze!" }
    ],
    "videoId": "r7xsYgTeM2Q"
  },
  {
    "id": 4,
    "category": "pilates",
    "title": { "EN": "Reformer Pilates", "SR": "Reformer Pilates" },
    "appointments": [
      { "id": 1, "date": "July 3, 2020 17:30:00", "spotsLeft": 10 },
      { "id": 2, "date": "July 3, 2020 18:30:00", "spotsLeft": 10 },
      { "id": 3, "date": "July 3, 2020 19:30:00", "spotsLeft": 10 }
    ],
    "diff": 3,
    "rating": 4.5,
    "duration": 95,
    "comments": [
      { "id": 1, "user": "Pera", "body": "Super trening!" },
      { "id": 2, "user": "Zika", "body": "Super trening od Zike!" },
      { "id": 3, "user": "Laza", "body": "Super trening od Laze!" }
    ],
    "videoId": "RDQmnzuE2q4"
  },
  {
    "id": 5,
    "category": "pilates",
    "title": { "EN": "Group Pilates", "SR": "Groupni Pilates" },
    "appointments": [
      { "id": 1, "date": "July 3, 2020 17:30:00", "spotsLeft": 10 },
      { "id": 2, "date": "July 3, 2020 18:30:00", "spotsLeft": 10 },
      { "id": 3, "date": "July 3, 2020 19:30:00", "spotsLeft": 10 }
    ],
    "diff": 2,
    "rating": 4.6,
    "duration": 80,
    "comments": [
      { "id": 1, "user": "Pera", "body": "Super trening!" },
      { "id": 2, "user": "Zika", "body": "Super trening od Zike!" },
      { "id": 3, "user": "Laza", "body": "Super trening od Laze!" }
    ],
    "videoId": "Q3y4iGxPXSA"
  },
  {
    "id": 6,
    "category": "pilates",
    "title": { "EN": "Classical Pilates", "SR": "Klasični Pilates" },
    "appointments": [
      { "id": 1, "date": "July 3, 2020 17:30:00", "spotsLeft": 10 },
      { "id": 2, "date": "July 3, 2020 18:30:00", "spotsLeft": 10 },
      { "id": 3, "date": "July 3, 2020 19:30:00", "spotsLeft": 10 }
    ],
    "diff": 4,
    "rating": 3.3,
    "duration": 100,
    "comments": [
      { "id": 1, "user": "Pera", "body": "Super trening!" },
      { "id": 2, "user": "Zika", "body": "Super trening od Zike!" },
      { "id": 3, "user": "Laza", "body": "Super trening od Laze!" }
    ],
    "videoId": "K56Z12XNQ5c"
  },
  {
    "id": 7,
    "category": "core",
    "title": { "EN": "Core Burner", "SR": "Core Burner" },
    "appointments": [
      { "id": 1, "date": "July 3, 2020 17:30:00", "spotsLeft": 10 },
      { "id": 2, "date": "July 3, 2020 18:30:00", "spotsLeft": 10 },
      { "id": 3, "date": "July 3, 2020 19:30:00", "spotsLeft": 10 }
    ],
    "diff": 5,
    "rating": 4.9,
    "duration": 60,
    "comments": [
      { "id": 1, "user": "Pera", "body": "Super trening!" },
      { "id": 2, "user": "Zika", "body": "Super trening od Zike!" },
      { "id": 3, "user": "Laza", "body": "Super trening od Laze!" }
    ],
    "videoId": "dJlFmxiL11s"
  },
  {
    "id": 8,
    "category": "core",
    "title": { "EN": "Day 1 Planker", "SR": "Dan 1. Planker" },
    "appointments": [
      { "id": 1, "date": "July 3, 2020 17:30:00", "spotsLeft": 10 },
      { "id": 2, "date": "July 3, 2020 18:30:00", "spotsLeft": 10 },
      { "id": 3, "date": "July 3, 2020 19:30:00", "spotsLeft": 10 }
    ],
    "diff": 3,
    "rating": 4.1,
    "duration": 45,
    "comments": [
      { "id": 1, "user": "Pera", "body": "Super trening!" },
      { "id": 2, "user": "Zika", "body": "Super trening od Zike!" },
      { "id": 3, "user": "Laza", "body": "Super trening od Laze!" }
    ],
    "videoId": "-b2lNLq3EaA"
  },
  {
    "id": 9,
    "category": "core",
    "title": { "EN": "Total Abs", "SR": "Total Abs" },
    "appointments": [
      { "id": 1, "date": "July 3, 2020 17:30:00", "spotsLeft": 10 },
      { "id": 2, "date": "July 3, 2020 18:30:00", "spotsLeft": 10 },
      { "id": 3, "date": "July 3, 2020 19:30:00", "spotsLeft": 10 }
    ],
    "diff": 5,
    "rating": 4.2,
    "duration": 90,
    "comments": [
      { "id": 1, "user": "Pera", "body": "Super trening!" },
      { "id": 2, "user": "Zika", "body": "Super trening od Zike!" },
      { "id": 3, "user": "Laza", "body": "Super trening od Laze!" }
    ],
    "videoId": "N5ViYeGJOCA"
  },
  {
    "id": 10,
    "category": "cardio",
    "title": { "EN": "Row-Oh", "SR": "Veslanje" },
    "appointments": [
      { "id": 1, "date": "July 3, 2020 17:30:00", "spotsLeft": 10 },
      { "id": 2, "date": "July 3, 2020 18:30:00", "spotsLeft": 10 },
      { "id": 3, "date": "July 3, 2020 19:30:00", "spotsLeft": 10 }
    ],
    "diff": 3,
    "rating": 4.0,
    "duration": 100,
    "comments": [
      { "id": 1, "user": "Pera", "body": "Super trening!" },
      { "id": 2, "user": "Zika", "body": "Super trening od Zike!" },
      { "id": 3, "user": "Laza", "body": "Super trening od Laze!" }
    ],
    "videoId": "2EriI_QCyGc"
  },
  {
    "id": 11,
    "category": "cardio",
    "title": { "EN": "CouchTo2K", "SR": "Trčanje" },
    "appointments": [
      { "id": 1, "date": "July 3, 2020 17:30:00", "spotsLeft": 10 },
      { "id": 2, "date": "July 3, 2020 18:30:00", "spotsLeft": 10 },
      { "id": 3, "date": "July 3, 2020 19:30:00", "spotsLeft": 10 }
    ],
    "diff": 5,
    "rating": 4.5,
    "duration": 85,
    "comments": [
      { "id": 1, "user": "Pera", "body": "Super trening!" },
      { "id": 2, "user": "Zika", "body": "Super trening od Zike!" },
      { "id": 3, "user": "Laza", "body": "Super trening od Laze!" }
    ],
    "videoId": "KxKJEIqS1HQ"
  },
  {
    "id": 12,
    "category": "cardio",
    "title": { "EN": "Swim2Win", "SR": "Plivanje" },
    "appointments": [
      { "id": 1, "date": "July 3, 2020 17:30:00", "spotsLeft": 10 },
      { "id": 2, "date": "July 3, 2020 18:30:00", "spotsLeft": 10 },
      { "id": 3, "date": "July 3, 2020 19:30:00", "spotsLeft": 10 }
    ],
    "diff": 3,
    "rating": 4.8,
    "duration": 75,
    "comments": [
      { "id": 1, "user": "Pera", "body": "Super trening!" },
      { "id": 2, "user": "Zika", "body": "Super trening od Zike!" },
      { "id": 3, "user": "Laza", "body": "Super trening od Laze!" }
    ],
    "videoId": "oM4sHl1hTEE"
  }
]
